{
	"name": "darksheet",
	"title": "darksheet 5e",
	"description": "Darker Dungeons replacement for the default 5e actor sheet",
	"version": "3.3.2",
	"author": "Handyfon#8390",
	"esmodules": ["darksheet.js", "/js/character.js", "templates.js"],
	"styles": ["css/darksheet.css"],
	"packs": [
		{
			"name": "darkerdungeons",
			"label": "Darkrolltables",
			"system": "dnd5e",
			"path": "./packs/darkerdungeons.db",
			"entity": "RollTable"
		},
		{
			"name": "darkitems",
			"label": "Darkitems",
			"system": "dnd5e",
			"path": "./packs/darkitems.db",
			"entity": "Item" 
		},
		{
			"name": "darkmacros",
			"label": "Darksheet Macros",
			"system": "dnd5e",
			"path": "./packs/darksheet-macros.db",
			"entity": "Macro" 
		},
		{
			"name": "afflictions",
			"label": "Afflictions",
			"system": "dnd5e",
			"path": "./packs/afflictions.db",
			"entity": "Item" 
		},
		{
			"name": "abstractrewards",
			"label": "Abstract Rewards",
			"system": "dnd5e",
			"path": "./packs/abstract-rewards.db",
			"entity": "Item" 
		}
	],
	 "socket": true,
    "url": "https://github.com/Handyfon/FDarksheet/tree/master",
    "manifest": "https://raw.githubusercontent.com/Handyfon/Darksheet/master/module.json",
    "download": "https://github.com/Handyfon/Darksheet/raw/master/darksheet.zip",
	"minimumCoreVersion": "0.8.8",
	"compatibleCoreVersion": "0.8.9"
}