{
  "title": "darksheet",
  "description": "DarkDND",
  "version": "12.1.1",
  "esmodules": [
    "darksheet.js"
  ],
  "styles": [
    "css/darksheet.css",
    "css/darkscreen.css",
    "css/darkStyle.css"
  ],
  "packs": [
    {
      "name": "darkrolltables",
      "label": "DarkRollTables",
      "system": "dnd5e",
      "path": "packs/darkrolltables.db",
      "type": "RollTable",
      "private": false,
      "flags": {}
    },
    {
      "name": "afflictions",
      "label": "Afflictions",
      "system": "dnd5e",
      "path": "packs/afflictions.db",
      "type": "Item",
      "private": false,
      "flags": {}
    },
	{
      "name": "darksheet-macros",
      "label": "Darksheet Macros",
      "system": "dnd5e",
      "path": "packs/darksheet-macros.db",
      "type": "Macro",
      "private": false,
      "flags": {}
    }
  ],
  "socket": true,
  "url": "https://github.com/Handyfon/FDarksheet/tree/master",
  "manifest": "https://raw.githubusercontent.com/Handyfon/Darksheet/master/module.json",
  "download": "https://github.com/Handyfon/Darksheet/raw/master/darksheet.zip",
  "id": "darksheet",
  "authors": [
    {
      "name": "Handyfon#1802",
      "flags": {}
    }
  ],
  "relationships": {
    "systems": [
      {
        "id": "dnd5e",
        "type": "system",
        "compatibility": {}
      }
    ]
  },
  "compatibility": {
    "minimum": "11",
    "verified": "12"
  }
}